Company_Id,title,publish date
1,"How the retail industry will top $5.5 trillion by 2020 (TGT, WMT, AMZN)",10/31/19
1,Over 200 musicians have pledged to boycott Amazon's music festival unless the company severs all ties with ICE (AMZN),10/24/19
1,"I spent the last week with Amazon's new Echo Buds, and it showed me a lot about where Alexa is going (AMZN)",10/29/19
1,Toy brands are reportedly paying Amazon millions of dollars for the chance to be featured in its annual holiday gift guide (AMZN),10/21/19
1,"Trump reportedly tried to stop Amazon from winning a $10 billion cloud deal, but experts say Microsoft won on its own merits (AMZN, MSFT)",10/29/19
1,"Microsoft and Amazon are showing slowdowns in their all-important cloud businesses — but Wall Street says there's far more to the story (AMZN, MSFT)",10/25/19
1,"It looks like Amazon is moving into a massive new tower that the late Microsoft cofounder Paul Allen's company is building in the Seattle suburb where Jeff Bezos started it all (AMZN, MSFT)",10/30/19
1,"Microsoft's $10 billion Pentagon cloud contract win is a clear sign it's in the same league as Amazon Web Services, but experts say the fight isn't finished yet (MSFT, AMZN)",10/29/19
1,Amazon.com Inc (AMZN) Q3 2019 Earnings Call Transcript,10/24/19
1,Amazon.com announces third quarter sales up 24% to $70.0 billion (Amazon),10/24/19
1,The Number One: FAANG companies’ employees donate most often to this presidential candidate,10/31/19
1,Microsoft’s Challenge of Amazon in the Cloud Gains Force - The Wall Street Journal,10/27/19
1,"Dow Jones Turns Lower Amid China News, As This Blue Chip Sells Off 5% - Investor's Business Daily",10/21/19
1,Banks are at risk of losing $88 billion in payments revenue due to tech competition,10/23/19
1,"Dow Jones Today: Intel, Cat Boost Dow; Amazon Bites Nasdaq - Investor's Business Daily",10/25/19
1,亚马逊第三季度净利润21.34亿美元 同比下降26%,10/24/19
1,Amazonが『Echo Dot』とAmazon Music Unlimited1ヶ月で999円キャンペーン開催中!,10/27/19
1,This chart shows how much Brexit matters to the U.S. stock market,10/17/19
1,Twice as many copies of the Constitution have sold during Trump’s presidency as during Obama’s first term,10/15/19
1,Netflix to sell another $2 billion of junk bonds as it braces for onslaught of competition,10/21/19
1,The Ratings Game: Microsoft wins JEDI battle but Amazon could return fire,10/28/19
1,"Momentum investors are now buying shares of Apple, Amazon and Netflix",10/15/19
1,Meg Whitman’s new venture is thinking big with a short-form streaming service,10/22/19
1,Amazon eliminating the $14.99 fee for grocery delivery to Prime members,10/29/19
1,Amazon: A Lot To Like Here,10/28/19
1,Amazon won't spin off AWS. That's hurting AWS,10/28/19
1,"Tech Roundup: AMZN Misses, MSFT Tops, INTC Is the Biggest Surprise - Yahoo Finance",10/25/19
1,Democrat Presidential Candidates Clash Over Breaking up Big Tech - TheStreet.com,10/16/19
1,"Amazon Linux AMI Install Linux, nginx, MySQL, PHP (LEMP)",10/15/19
1,Amazon Earnings Miss Countered By Solid Results Across the Board,10/25/19
1,Amazon (AMZN) Q3 Earnings Lag Estimates,10/24/19
1,"Amazon -7.5% on Q3 profit miss, light holiday sales forecast - Seeking Alpha",10/24/19
1,Will Amazon's (AMZN) Q3 Earnings Benefit From Prime & AWS?,10/21/19
1,One-Day Shipping Pain Worth It For Amazon's Long-Term Gain,10/25/19
1,The Ratings Game: Chip-equipment companies suggest a recovery is on the way,10/31/19
1,Outside the Box: Here’s what to watch in the Microsoft vs. Amazon cloud battle after JEDI win,10/28/19
1,How to buy toys for the kid who has everything — without relying on sponsored lists from Amazon or Walmart,10/21/19
1,The Margin: Americans are spending almost half a billion on Halloween costumes for their pets,10/22/19
1,"Amazon (AMZN) Q3 Earnings Miss, Revenues Beat Estimates",10/25/19
1,Should You Buy Amazon ETFs Ahead of Q3 Earnings?,10/22/19
1,Howard Gold's No-Nonsense Investing: Wall Street is way too paranoid about a President Elizabeth Warren,10/29/19
1,"Amazon AWS Selected by Old Mutual, Expands Cloud Clientele",10/18/19
1,"Marijuana stocks, after declines of over 50%, are now only ludicrously overpriced",10/16/19
1,"The Force Is With Microsoft; Apple Might Be Cooked For Now, Let's Chart It",10/27/19
1,"E-commerce Stocks' Q3 Earnings Roster: AMZN, EXPE, MELI & W",10/23/19
1,"Q3 Earnings Frenzy: Amazon (AMZN), Intel (INTC) & More",10/24/19
1,"Amazon (AMZN) Q3 2019 Earnings Preview: AWS, Prime & Advertising",10/16/19
1,Amazon (AMZN) Earnings Thursday Could Be a Springboard,10/23/19
1,Microsoft’s Break Out May Send Shares Surging Higher,10/28/19
1,Amazon (AMZN) Reports Q3 Earnings Today: Will It Top or Flop?,10/24/19
1,Jeff Bezos Could Lose Title Of World's Richest Person After Amazon's Earnings Miss,10/25/19
1,"Amazon (AMZN) Stock’s Profit Crash Hurts, But It Paves the Way for Next Surge",10/25/19
1,"November Outlook: From Jobs To Fed To China, This Month Has It All",10/30/19
1,"Earnings Get Even Busier As More Than 40 Companies Report Today, Including Amazon",10/24/19
1,The total market index isn’t all it’s cracked up to be,10/21/19
1,"Earnings Watch: Tesla speeds toward unpleasant earnings turn, Boeing faces tough questions",10/20/19
1,CEIVA Logic Sues Amazon for Patent Infringement,10/23/19
1,JR東日本、北陸新幹線の水没にも動ぜず,10/15/19
1,"Sustainable Investing: For ESG investors, the newest challenge is separating fact from ‘greenwashing’",10/15/19
1,This shocking stat will make you want to buy Amazon stock after its recent beatdown,10/25/19
1,Amazon Offering Big Shippers Customized Ground Delivery Services At Low Rates,10/28/19
1,Microsoft Stock Poised To Break Out On JEDI Contract Win - Investor's Business Daily,10/28/19
1,"The 'Empire Strikes Back'; Why FANG Isn't Leading, And What It Can Do Right Now",10/18/19
1,Ações da Apple batem novo recorde; Alphabet passa Amazon e se torna a 3ª empresa mais valiosa,10/23/19
1,"Aukey Handyhalterung mit Saugnapf, 360° drehbar (Prime)",10/22/19
1,Tech Stocks Drive the S&P 500 to Record Highs - Market Realist,10/29/19
1,5 Amazing Big Tech Earnings Charts - Zacks.com,10/22/19
1,"Breakup of Tech Giants ‘on the Table,’ U.S. Antitrust Chief Says - Wall Street Journal",10/22/19
1,I Bought Amazon Stock Today — And You Should Too,10/25/19
1,"Jim Cramer Shares His Thoughts On Canopy Growth, Procter & Gamble And More",10/17/19
1,"We're Just Points From An S&P Breakout, And Strong Results From Microsoft, ServiceNow, And PayPal Will Boost Cloud Names",10/24/19
1,Is Amazon Stock Ready to Break Out Again?,10/15/19
1,Here's Why Investors Will Pay Attention to Amazon's Holiday Predictions This Week,10/24/19
1,"Jeff Bezos plays hooky, goes back to school - Fox Business",10/21/19
1,Microsoft Just Won a $10 Billion Defense Cloud Contract,10/28/19
1,Warren and Biden Attack Facebook's Most Successful Business - Market Realist,10/15/19
1,Boot Barn (BOOT) and Burlington Stores (BURL) Are Aggressive Growth Stocks,10/17/19
1,Etsy Is Beating Amazon At Its Own Retailing Game,10/24/19
1,5 Amazing Big Tech Earnings Charts,10/22/19
1,Apple supera Microsoft é mais uma vez a empresa mais valiosa do mundo,10/19/19
1,Amazon Drops on Wide Earnings and Guidance Miss; Revenue Tops Estimates - TheStreet.com,10/24/19
1,Survey: Teens Spend More Time On YouTube Than Netflix,10/15/19
1,Roku Shares Advance After Streaming-Tech Company Adds Apple TV - TheStreet.com,10/15/19
1,"Big Tech Antitrust Is Bipartisan, Says Antitrust Chief Makan Delrahim - Barron's",10/22/19
1,"Eurozone Fears, CAT, MSFT & TSLA Earnings & Buy Callaway Stock - Free Lunch",10/24/19
1,"Undeserved: Alphabet, Shopify; Unforgiven: Grubhub, Beyond Meat",10/29/19
1,5 Amazing Big Tech Earnings Charts - Nasdaq,10/22/19
1,One Winter Night 2019 720p AMZN WEBRip x264-KamiKaze,10/30/19
1,The Circus S04E14 720p AMZN WEB-DL H264-monkee,10/29/19
1,Lobbying spending by tech giants set to hit record highs - Fox Business,10/28/19
1,Amazon experiments with travel benefit for employee health care - Fox Business,10/15/19
1,Google's Nest Business Is Losing Key Customers—What's Next? - Market Realist,10/22/19
1,Spotify Earnings Surprise As Subscriber Growth Tops Views - Investor's Business Daily,10/28/19
1,"BUD, AMZN among premarket losers",10/25/19
1,Lot Lizard 2016 1080p AMZN WEBRip x264-NTb,10/29/19
1,Baby Baby Baby 2015 1080p AMZN WEBRip x264-ABM,10/31/19
1,麥肯錫：全球逾半數銀行無法承受經濟衰退 - 鉅亨網財經新聞,10/22/19
1,Betting On Tomorrow: Introducing Premium Tech Research,10/28/19
1,Naspers Spinoff Wades Into U.K. Food Delivery Fight,10/24/19
1,"Amazon, Twitter, Intel earnings — What to know in markets Thursday",10/23/19
2,Cisco Systems (CSCO) Outpaces Stock Market Gains: What You Should Know,10/21/19
2,"Cisco Closes CloudCherry Buyout, Boosts Customer Experience",10/15/19
2,"John Chambers and a star team of ex-Cisco engineers have finally launched Pensando Systems, a startup with $278 million in funding, to take on Amazon — and Cisco (CSCO)",10/17/19
2,【不労所得】配当金7000円を米国株シスコシステムズからゲット！ - ”もみあげ”の米国株投資-お金で幸せになる！-,10/26/19
2,"Barron's Picks And Pans: Boeing, Comcast, Conoco, Emerson And More",10/20/19
2,Tech Stocks for Dividend Investors to Buy as Q3 Earnings Season Heats Up,10/16/19
2,Apple shares hit new all-time intraday and closing highs,10/23/19
2,Apple shares hit new all-time intraday and closing highs,10/28/19
2,Apple shares hit new all-time intraday and closing highs,10/21/19
2,Apple shares hit new all-time intraday and closing highs,10/24/19
2,Apple shares hit new all-time intraday and closing highs,10/25/19
2,Apple shares hit new all-time intraday high,10/22/19
2,3 Top High-Yield Tech Stocks,10/30/19
2,Big Tech Stakes Equal Big Risk - Morningstar.com,10/21/19
2,Trying to Find Value in Tech Companies That Have Gone Public in 2019: Slack Technologies - Yahoo Finance,10/29/19
2,"The Zacks Analyst Blog Highlights: Verizon, Microsoft and Cisco Systems",10/17/19
2,6 Stocks to Buy for Their Massive Stock Buybacks,10/30/19
2,"Merger Arbitrage Mondays - 7 Deals Close, With Few New Ones In Sight",10/15/19
2,Merger Arbitrage Mondays - Alexion's Acquisition Of Achillion Includes A Free Kicker,10/22/19
2,美股盤後 — 波音、嬌生暴跌夾擊 道瓊下跌逾250點 - http://house.cnyes.com/global/index_all_news.aspx,10/18/19
2,5 Top-Ranked Cheap Stocks Trading Under $20 to Buy Right Now,10/30/19
2,Readers' Call: Good Dogs And Rogues September 13-October 11,10/17/19
2,"The SaaS Correction Isn't Done, But Names Like Alteryx Can Be Bought Already",10/21/19
2,"Zoom: Great Company, Valuation Still In Fantasy Land",10/22/19
2,20 Large-Cap Dividend Stocks With More Cash Than Debt,10/25/19
2,Merger Arbitrage Mondays - Pacific Biosciences Drops After U.K.'s Competition And Markets Authority Raises Concerns,10/30/19
2,米国株（アメリカ株）の高配当銘柄ランキングTOP10！アップルの配当、「ダウの犬」投資法とは？,10/28/19
2,Our SaaS Picks: Playing Defense In The Software Space,10/25/19
2,Datadog - Something Special And Worth A Gamble,10/30/19
2,Cisco Schedules Conference Call for Q1 Fiscal Year 2020 Financial Results,10/30/19
2,Cisco Powering KDDI's Network Refresh for 5G,10/21/19
2,Les chrétiens oubliés en Syrie,10/18/19
2,Cisco Nominates Carol B. Tomé to Board of Directors,10/17/19
2,Cisco Strengthens Partnership with Telenor on 5G in Norway,10/21/19
2,Cisco Deploys Intent-Based Networking Technology into the Telefonica,10/21/19
2,"Ex-Cisco CEO John Chambers, star team of engineers have a startup targeting Amazon’s AWS",10/16/19
2,"Your first trade for Tuesday, October 29",10/29/19
2,"AppDynamics Delivers Latest App Attention Index Report, Revealing Emergence of The Era of the Digital Reflex",10/15/19
2,Dynatrace: The Transition Period Provides The Opportunity,10/28/19
2,City Football Group Announces New Global Partnership With Cisco,10/17/19
2,"Your first trade for Friday, October 25",10/25/19
2,"Your first trade for Thursday, October 17",10/17/19
2,"Your first trade for Wednesday, October 16",10/16/19
2,How To Retire With Just Half A Million,10/26/19
2,"10 ""Autopay"" Dividend Stock Picks to Subscribe To",10/30/19
2,От санкций на полном ходу,10/22/19
2,Better buy: Cisco Systems vs. Microsoft,10/17/19
2,"Your first trade for Tuesday, October 22",10/22/19
2,Hollywood Park Partners With Cisco To Create World-Class Technology Showcase,10/31/19
2,Micron: Watch For Big Upside In Server Growth From Customers This Quarter,10/18/19
2,China Decoupling Puts The QQQ At Risk,10/24/19
2,Best Dividend Stocks for November 2019,10/30/19
2,Mad Dogs Of The Dow - The Outperformance Increases,10/15/19
2,Digital Ad Spending Projected to Finally Surpass Offline Spending This Year,10/17/19
2,Cisco Schedules Conference Call for Q1 Fiscal Year 2020 Financial Results,10/30/19
2,5 Best CEFs To Buy For October 2019,10/19/19
2,Pagerduty: The Only Bull Case Scenario,10/22/19
2,"BetterInvesting 100 Index Grows 10.4% Annually for 5 Years, 13.4% for 10 Years Through September",10/18/19
2,Cisco Nominates Carol B. Tomé to Board of Directors,10/17/19
2,Canary Wharf Group and Cisco announce deployment of OpenRoaming,10/31/19
2,Hollywood Park Partners With Cisco To Create World-Class Technology Showcase,10/31/19
2,"Zoom: Great Company, Valuation Still In Fantasy Land",10/22/19
2,"Cisco Research Shows IT Eager to Adopt Artificial Intelligence, Intent-based Networking",10/24/19
2,Here’s how much Corporate America’s paying in taxes after Trump’s cuts,10/30/19
2,Doubling The Market's Result With The Safest Stocks,10/16/19
2,Micron: Watch For Big Upside In Server Growth From Customers This Quarter,10/18/19
2,Gogo Announces Partners For 5G Network and Onboard Systems,10/22/19
2,"Танкеры для завода ""Ямал СПГ"" освободили от санкций США",10/22/19
2,"Cisco Research Shows IT Eager to Adopt Artificial Intelligence, Intent-based Networking",10/24/19
2,"Cloud Names Are Getting Hammered, Buy Them Or Look At Other Sectors, Yes And Yes",10/16/19
2,"Atlassian Earnings: Solid Quarter, Bad Timing Summary",10/22/19
2,"Atlassian Earnings: Solid Quarter, Bad Timing",10/22/19
2,推动诊疗提高生存率 他们都为乳癌诊治而忙碌,10/16/19
2,Quarterly Review Of DivGro: Q3 2019,10/23/19
2,Dividend Challenger Highlights: Week Of October 20,10/19/19
2,"Cisco Touts KDDI, Telenor, Telefonica 5G Deployments",10/21/19
2,"Microsoft Azure And Amazon AWS Results Will Inform Us On Tech Rally, Boeing Is Still A Buy",10/21/19
2,The Most Dangerous Dividend Stocks You Can Buy This Earnings Season,10/31/19
2,"As Chevron (CVX) Stock Price Rose, Bowen Hanes & Co Increased by $1.28 Million Its Stake; As Apple (AAPL) Market Valuation Rose, Lucas Capital Management Has Decreased Position - MЕSА Wееkly",10/18/19
2,“乡村医生”淋巴瘤科普公益行项目北川站举行,10/22/19
3,LIVE: Here come Microsoft's earnings (MSFT),10/23/19
3,Microsoft CEO Satya Nadella made $42.9 million in its last fiscal year — up 65% from the year before (MSFT),10/16/19
3,"Trump reportedly tried to stop Amazon from winning a $10 billion cloud deal, but experts say Microsoft won on its own merits (AMZN, MSFT)",10/29/19
3,"Microsoft and Amazon are showing slowdowns in their all-important cloud businesses — but Wall Street says there's far more to the story (AMZN, MSFT)",10/25/19
3,"Microsoft's $10 billion Pentagon cloud contract win is a clear sign it's in the same league as Amazon Web Services, but experts say the fight isn't finished yet (MSFT, AMZN)",10/29/19
3,"It looks like Amazon is moving into a massive new tower that the late Microsoft cofounder Paul Allen's company is building in the Seattle suburb where Jeff Bezos started it all (AMZN, MSFT)",10/30/19
3,MSFT Events app gets updated ahead of Microsoft Ignite,10/24/19
3,Microsoft Corp (MSFT) Q1 2020 Earnings Call Transcript,10/24/19
3,The Number One: FAANG companies’ employees donate most often to this presidential candidate,10/31/19
3,Microsoft’s Challenge of Amazon in the Cloud Gains Force - The Wall Street Journal,10/27/19
3,"The Ratings Game: Microsoft earnings show company can ‘weather any storm,’ analyst says",10/24/19
3,The Ratings Game: Microsoft wins JEDI battle but Amazon could return fire,10/28/19
3,"Tech Roundup: AMZN Misses, MSFT Tops, INTC Is the Biggest Surprise - Yahoo Finance",10/25/19
3,"In One Chart: Facebook, Visa among the stocks with high ESG marks — enough to outrun the S&P 500",10/18/19
3,"Momentum investors are now buying shares of Apple, Amazon and Netflix",10/15/19
3,Microsoft to announce Q1 2020 earnings,10/23/19
3,Microsoft (MSFT) to Report Q1 Earnings: What to Expect?,10/18/19
3,"Going Into Earnings, Microsoft Stock Is a Buy",10/18/19
3,The Force is with Microsoft: Shares up on winning JEDI contract,10/28/19
3,Will Microsoft's (MSFT) Cloud Segment Drive Its Q1 Earnings?,10/21/19
3,"Microsoft, Nuance Team Up to Accelerate Healthcare Delivery",10/18/19
3,"Microsoft has a massive opportunity to overtake Amazon Web Services thanks to the strength of its hybrid cloud business, analysts say (MSFT)",10/24/19
3,"Microsoft is bringing back its all-inclusive Xbox One subscription deal, and it includes an upgrade plan for the next-generation Xbox (MSFT)",10/28/19
3,"SAP's co-CEO and Microsoft's sales chief explain why they're teaming up for a cloud partnership that could mean trouble for Amazon (MSFT, SAP)",10/21/19
3,Microsoft Corp. (MSFT) CEO Satya Nadella on Q1 2020 Results - Earnings Call Transcript,10/24/19
3,Why the Earnings Surprise Streak Could Continue for Microsoft (MSFT),10/21/19
3,"5 Top Stock Trades for Monday: BA, MSFT, JNJ, SNAP, AXP",10/18/19
3,"The Ratings Game: Cloud software stocks slammed amid Workday fears, Morgan Stanley doubts",10/16/19
3,"Earnings Watch: Boeing, Caterpillar report disappointing earnings, but their shares bounce back",10/23/19
3,Outside the Box: Here’s what to watch in the Microsoft vs. Amazon cloud battle after JEDI win,10/28/19
3,Microsoft’s Break Out May Send Shares Surging Higher,10/28/19
3,The Ratings Game: Chip-equipment companies suggest a recovery is on the way,10/31/19
3,Microsoft Earnings Preview: Buy MSFT Stock on Cloud Computing Growth?,10/17/19
3,Microsoft (MSFT) Q1 Earnings and Revenues Top Estimates,10/23/19
3,Wall Street Looks For Direction Amid Mixed Earnings Results,10/23/19
3,"Tech Stocks' Earnings Roster for Oct 23: MSFT, XLNX & More - Yahoo Finance",10/22/19
3,"The Force Is With Microsoft; Apple Might Be Cooked For Now, Let's Chart It",10/27/19
3,Apple supera Microsoft é mais uma vez a empresa mais valiosa do mundo,10/19/19
3,"We're Just Points From An S&P Breakout, And Strong Results From Microsoft, ServiceNow, And PayPal Will Boost Cloud Names",10/24/19
3,"Earnings Get Even Busier As More Than 40 Companies Report Today, Including Amazon",10/24/19
3,Tech Stocks Drive the S&P 500 to Record Highs - Market Realist,10/29/19
3,Rex Nutting: The super rich elite have more money than they know what to do with,10/28/19
3,The total market index isn’t all it’s cracked up to be,10/21/19
3,"Earnings Watch: Tesla speeds toward unpleasant earnings turn, Boeing faces tough questions",10/20/19
3,"Eurozone Fears, CAT, MSFT & TSLA Earnings & Buy Callaway Stock - Free Lunch",10/24/19
3,9 ETFs to Buy Now for Growth,10/30/19
3,Microsoft (MSFT) Prepares To Release Earnings: Can It Remain The Cloud King?,10/22/19
3,Earnings Outlook: Microsoft earnings: The death of Windows 7 is almost here,10/22/19
3,Microsoft Stock Poised To Break Out On JEDI Contract Win - Investor's Business Daily,10/28/19
3,How Stock Market Indices Are Taking Cues from Microsoft,10/28/19
3,【世界経済を知る】増収増益、連続増配ハイテク米国株銘柄マイクロソフト【MSFT】 - 日本の投資家AFURO KENブログ,10/18/19
3,3 Tech Stocks to Buy After the Nasdaq Breakout - Investorplace.com,10/28/19
3,Ações da Apple batem novo recorde; Alphabet passa Amazon e se torna a 3ª empresa mais valiosa,10/23/19
3,Microsoft Trades Higher On $10B Cloud Computing Deal With Pentagon,10/28/19
3,5 Amazing Big Tech Earnings Charts - Zacks.com,10/22/19
3,Is Amazon Stock Ready to Break Out Again?,10/15/19
3,Microsoft Just Won a $10 Billion Defense Cloud Contract,10/28/19
3,6 Stocks to Buy for Their Massive Stock Buybacks,10/30/19
3,"Andrew Yang at Democratic debate: No one uses Bing. ‘Sorry, Microsoft, it’s true.’ - NJ.com",10/16/19
3,5 Amazing Big Tech Earnings Charts,10/22/19
3,"Ações da Apple abrem a semana em nova alta histórica, valendo agora US$249,05",10/28/19
3,"Apple surpasses Microsoft as the world’s most valuable company (AAPL, MSFT)",10/18/19
3,Microsoft Set to Beat Estimates: ETFs to Buy,10/21/19
3,Are Women Better Stock Investors?,10/23/19
3,Tech Stocks for Dividend Investors to Buy as Q3 Earnings Season Heats Up,10/16/19
3,5 Amazing Big Tech Earnings Charts - Nasdaq,10/22/19
3,Microsoft As The One Stock To Rule Them All,10/25/19
3,Software sees green after MSFT print,10/24/19
3,"France, Germany cloud push rivals AMZN, MSFT",10/29/19
3,"Microsoft: i conti volano con Office e cloud, in calo Surface e gaming",10/24/19
3,"MSFT, ORCL, VMW most defensible stocks - BMO",10/18/19
3,"""Digital"" Gains in Real Estate",10/22/19
3,Microsoft Reports Good Results and Mixed Guidance,10/23/19
3,"Microsoft's booming cloud business could send the stock soaring 15% over the next year, RBC says (MSFT)",10/18/19
3,Microsoft CEO Satya Nadella lays out the technologies he’s betting on to take it past its $1 trillion valuation (MSFT),10/24/19
3,CenturyLink Augments Network Connectivity to Google Cloud,10/16/19
3,"Amazon AWS Selected by Old Mutual, Expands Cloud Clientele",10/18/19
3,"The Zacks Analyst Blog Highlights: Verizon, Microsoft and Cisco Systems",10/17/19
3,"Manufacturing & Retail Worries, Brexit, Q3 Earnings & Buy Google Stock - Free Lunch",10/17/19
3,"S&P 500 at New Highs, Rate Cut, Tech Earnings & Buy BURL Stock - Free Lunch",10/29/19
3,What to watch in Microsoft's Q1,10/23/19
3,"Nuance, Microsoft automating clinical documentation",10/17/19
3,Microsoft forecasts Q2 Intelligent Cloud strength,10/23/19
3,How the U.S. Trade War With China Might Affect Sony,10/24/19
3,"The Zacks Analyst Blog Highlights: Facebook, International Business Machines, Microsoft, SAP and Accenture - Nasdaq",10/16/19
3,David Rolfe’s Wedgewood Sells Longtime Holding Berkshire Hathaway,10/17/19
3,Microsoft Sees Few Clouds on Tech Horizon - The Wall Street Journal,10/24/19
3,S&P 500: Tech Stocks Could Lead Decline Today - Market Realist,10/23/19
3,Microsoft Stock Approaches Buy Point On Post-Earnings Buzz - Investor's Business Daily,10/25/19
3,Amazon may seek cloud rematch with Microsoft and the Pentagon - Fox Business,10/28/19
3,Dow Jones Flashes Bullish Signal; Alphabet Rallies Ahead Of Earnings - Investor's Business Daily,10/28/19
3,Daily Insider Ratings Round Up 10/28/19,10/30/19
3,EU data watchdog raises Microsoft concerns,10/21/19
3,Don't count Amazon out on JEDI contract- Cowen,10/28/19
3,Microsoft is a cloud story: analyst - Yahoo Finance,10/23/19
3,Microsoft acquires Mover,10/21/19
3,Apple shares hit new all-time intraday high,10/22/19
3,Apple shares hit new all-time intraday and closing highs,10/21/19
3,Apple shares hit new all-time intraday and closing highs,10/25/19
3,Apple shares hit new all-time intraday and closing highs,10/24/19
4,Wall Street is souring on Netflix ahead of earnings. Here's why 6 firms have cut their price targets in recent weeks. (NFLX),10/16/19
4,Netflix Inc (NFLX) Q3 2019 Earnings Call Transcript,10/17/19
4,The Number One: FAANG companies’ employees donate most often to this presidential candidate,10/31/19
4,Netflix says new competition from Apple and Disney might actually help its business,10/16/19
4,Benioff & Weiss drop out of ‘Star Wars’ trilogy and HBO nixes ‘Game of Thrones’ prequel series,10/29/19
4,Stranger Things fans are flocking to buy this item,10/16/19
4,LIVE: Netflix reports Q3 earnings as Wall Street braces for another miss on subscriber growth (NFLX),10/16/19
4,This chart shows how much Brexit matters to the U.S. stock market,10/17/19
4,Need to Know: The S&P 500 may be ‘one decent day of gains’ away from a ‘breakout’,10/16/19
4,"The Ratings Game: Apple’s battle with Netflix won’t hurt profit despite free offer and content costs, Morgan Stanley says",10/23/19
4,Netflix to sell another $2 billion of junk bonds as it braces for onslaught of competition,10/21/19
4,Netflix Earnings Preview,10/15/19
4,"Momentum investors are now buying shares of Apple, Amazon and Netflix",10/15/19
4,Meg Whitman’s new venture is thinking big with a short-form streaming service,10/22/19
4,Netflix: The Best Days Are Over,10/17/19
4,"Netflix is 'the Mercedes-Benz, it's the Rolex' of streaming: analyst",10/16/19
4,Netflix Stock Chart and Earnings Preview,10/16/19
4,Netflix (NFLX) Surpasses Q3 Earnings Estimates,10/16/19
4,What's Next for Netflix Stock After Q3 Earnings as Apple & Disney Launch?,10/18/19
4,Actualité : Netflix passe la barre des 151 millions d'abonnés et rassure les actionnaires,10/17/19
4,"Netflix admitted price hikes hurt growth in the US, and its pricing power will face an even greater test as new rivals launch (NFLX)",10/18/19
4,What's in the Offing for Netflix (NFLX) in Q3 Earnings?,10/15/19
4,MarketWatch First Take: Netflix finally admits the obvious: Competition from Apple and Disney will hurt,10/16/19
4,Market Extra: WeWork bonds sink as bankers circulate rescue financing proposals,10/16/19
4,Market Extra: WeWork bonds fall on SoftBank’s roughly $10 billion rescue package,10/24/19
4,3 Tech Stocks for Growth Investors to Buy During Q3 Earnings Season - Nasdaq,10/18/19
4,"The 'Empire Strikes Back'; Why FANG Isn't Leading, And What It Can Do Right Now",10/18/19
4,3 Reasons to Believe Netflix’s Incredible Cash Flow Promise,10/19/19
4,Netflix Jumps After Earnings But Has A Winding Road Ahead,10/17/19
4,"Big Bank & Healthcare Earnings, Netflix Q3 Preview & Buy Lululemon Stock - Free Lunch",10/15/19
4,Survey: Teens Spend More Time On YouTube Than Netflix,10/15/19
4,Netflix spikes 11% after global subscriber growth blows away forecasts (NFLX),10/16/19
4,Jeff Reeves's Strength in Numbers: Three company earnings reports that are better than you thought — and three that are worse,10/17/19
4,Assessing Apple's Streaming Plans' Potential To Hurt Netflix,10/21/19
4,Disney Earnings Preview: What's Next for DIS Stock in the Streaming TV Era,10/31/19
4,"Bank Earnings Quartet Mostly In Tune, Led By Strength At JP Morgan, Citigroup",10/15/19
4,Netflix Set To Report Earnings As Streaming Wars Intensify,10/15/19
4,Netflix Q3 Preview: The Calm Before the Streaming-Wars Storm?,10/15/19
4,Will Netflix Inc Remain A FAA(N)G Stock?,10/24/19
4,"Barron's Picks And Pans: Boeing, Comcast, Conoco, Emerson And More",10/20/19
4,'Netflix of horror' hopes to capitalize on Halloween spending,10/30/19
4,Netflix scores big with 'Breaking Bad' but streaming wars loom large,10/20/19
4,Desperate Netflix Loses Chill After Quarterly Report to Tackle Your Password Sharing,10/22/19
4,Don’t Miss the Chance to Get in on Netflix Stock Ahead of Earnings,10/15/19
4,"3 Large-Cap Stocks to Buy After Earnings: JPM, NFLX and KMI",10/18/19
4,Edited Transcript of NFLX earnings conference call or presentation 16-Oct-19 10:00pm GMT,10/18/19
4,5 Key Earnings Charts to Watch This Week,10/16/19
4,Economic Data Deluge,10/16/19
4,"Manufacturing & Retail Worries, Brexit, Q3 Earnings & Buy Google Stock - Free Lunch",10/17/19
4,Netflix looks for earnings rebound as streaming fight heats up - Fox Business,10/16/19
4,"NFLX, ACB among top premarket gainers",10/17/19
4,Why Netflix Shareholders Should Be Worried,10/18/19
4,Netflix Grabs Another $2.2 Billion of Lower-Interest Debt,10/23/19
4,2 Tech Stocks That Could Beat a Recession,10/25/19
4,Stocks 'no brainer' over bonds - Fox Business,10/19/19
4,Attention Walmart shoppers! Streaming service Vudu for sale? - Fox Business,10/30/19
4,'Game of Thrones' creators exit upcoming 'Star Wars' films,10/29/19
4,Goldman Sachs: 3 Buy-Rated Stocks That Could Soar,10/17/19
4,Is Doomed Netflix the New BlackBerry?,10/15/19
4,Apple shares hit new all-time intraday and closing highs,10/23/19
4,Apple shares hit new all-time intraday and closing highs,10/23/19
4,Apple shares hit new all-time intraday high,10/22/19
4,Apple shares hit new all-time intraday and closing highs,10/25/19
4,Apple shares hit new all-time intraday and closing highs,10/24/19
4,"Bank of America Results, Brexit Dominate Morning, but Netflix in Focus this Afternoon",10/16/19
4,"Earnings Speak To Continued Equity Upside, Says Bill Gunderson (Podcast)",10/21/19
4,美股盤後 — 川普稱美中協議進展順利 標普衝破 3000 大關 - 鉅亨網財經新聞,10/21/19
4,美股盤後 — Fed 降息預期+美中貿易協議進展超前 標普刷下歷史新高 - 鉅亨網財經新聞,10/28/19
4,Two sentences in Netflix's earnings should terrify those obsessed with its stock,10/16/19
4,美股盤後 – 「金絲雀」暗黑財報有亮點 Fed降息機率飆94.6% 標普逼歷史高點 - 鉅亨網財經新聞,10/23/19
4,美股盤後 — 英特爾衝鋒大漲 那斯達克100刷歷史新高 標普創歷史次高 - 鉅亨網財經新聞,10/25/19
4,What to expect in Netflix 3Q 2019 earnings,10/16/19
4,"Benzinga's Bulls And Bears Of The Week: Beyond Meat, Netflix, Johnson & Johnson And More",10/19/19
4,Brexit Deal and Better-Than-Expected Earnings Have Wall Street in a Buying Mood,10/17/19
4,Netflix seen lowballing subscriber guidance,10/17/19
4,Netflix spikes 11% after global subscriber growth blows away forecasts (NFLX),10/16/19
4,"Amazon (AMZN) Q3 2019 Earnings Preview: AWS, Prime & Advertising",10/16/19
4,Verizon (VZ) Q3 Earnings on Deck as It Announces Partnership with Disney (DIS),10/23/19
4,Will AT&T Ramp Up Streaming Efforts as Q3 Earnings Near?,10/25/19
4,Apple ETFs in the Spotlight Ahead of Fiscal Q4 Earnings,10/29/19
4,Apple Earnings After The Bell: Will It Remain The World's Most Valuable Company?,10/30/19
4,Uber Q3 Earnings Preview: Buy Ride-Hailing Stock After Lyft's Success?,10/30/19
4,"10 ""Autopay"" Dividend Stock Picks to Subscribe To",10/30/19
4,"What's moving markets today: October 16, 2019",10/16/19
4,The Tech Sector's Valuation Gap Is Narrowing -- And That's Probably a Good Thing - TheStreet.com,10/19/19
4,"Netflix, Alteryx, and Okta Lead Tech Losses Today - Market Realist",10/18/19
4,"Discovery, The Mosaic Company, Netflix and IBM highlighted as Zacks Bull and Bear of the Day",10/17/19
4,美股盤後 - 四大指數小幅收跌、蘋果財報前夕大跌2.31% - 鉅亨網財經新聞,10/29/19
4,Tech Stocks for Dividend Investors to Buy as Q3 Earnings Season Heats Up,10/16/19
4,ETFs to Tap on Netflix' Strong Subscriber Comeback in Q3,10/17/19
4,3 Tech Stocks for Growth Investors to Buy During Q3 Earnings Season,10/18/19
4,10 Money-Losing Stock Picks That Might Make You Money Anyway,10/29/19
4,Netflix prices $2.22 billion of its junk bonds,10/22/19
4,美股盤後— 美股迎來開門紅聯合健康、小摩、嬌生財報告捷 - 鉅亨網財經新聞,10/15/19
4,美股盤後 — Fed三度降息 鮑爾一句話推助標普刷新高紀錄 - http://house.cnyes.com/global/index_all_news.aspx,10/30/19
4,美股盤後— 脫歐危機緩解Netflix大摩財報靚台積電ADR收跌0.76% | Anue鉅亨- 美股 - http://house.cnyes.com/global/index_all_news.aspx,10/17/19
4,Buy Gold While The Market Is Risk-On,10/21/19
4,"Market Volatility Bulletin: Stocks Absorb Negative Retail Sales Print Gracefully, VIX Holds Tight",10/16/19
4,"Netflix plans $2 billion bond offering to finance content, production and potential deals",10/21/19
4,Next Week Will Be a Game-Changer for AT&T Stock,10/25/19
5,"LIVE: Here come Alphabet's earnings (GOOG, GOOGL)",10/28/19
5,"Google's brand-new Pixel 4 just launched — but here's why you should consider buying the Pixel 3a instead (GOOG, GOOGL)",10/28/19
5,"Forget Google's new Pixel 4 — here are 8 reasons you should actually buy the $500 Pixel 3 instead (GOOG, GOOGL)",10/20/19
5,"YouTube's algorithm may not be radicalizing people, it's just made it easier for people with far-right views to find a community, a new study suggests (GOOG, GOOGL)",10/24/19
5,"Google made 3 big mistakes with the Pixel 4's camera, and missed a golden opportunity to make it unbeatable (GOOG, GOOGL)",10/23/19
5,"Everyone expected the Pixel 4 to have the best smartphone camera, but Apple's iPhone 11 Pro ruined Google's party (GOOG, GOOGL)",10/26/19
5,Pixel 4’s 90Hz display isn’t always 90Hz,10/23/19
5,"Google confirms it's fixing the facial-recognition feature on the Pixel 4 after a security gap would let anyone unlock your phone while your eyes are closed (GOOG, GOOGL)",10/21/19
5,Dow Jones Newswires: Total speeding up digital transformation to create $1.5 billion in value by 2025,10/18/19
5,DoD's $10 billion 'Jedi' cloud contract goes to Microsoft over Amazon,10/25/19
5,"Dow Jones Holds 27000 Level As Pfizer, Merck Soar On Earnings - Investor's Business Daily",10/29/19
5,Alphabet Inc (GOOG) (GOOGL) Q3 2019 Earnings Call Transcript,10/29/19
5,Alphabet Announces Third Quarter 2019 Results (Alphabet),10/28/19
5,The Number One: FAANG companies’ employees donate most often to this presidential candidate,10/31/19
5,26 des 30 plus gros sites de presse autorisent Google à diffuser leurs extraits gratuitement,10/22/19
5,"Snap earnings show continued strong user growth, stock heads higher in late trading",10/22/19
5,GOOGL Just Below Buy Point,10/25/19
5,"Here's everything Google just announced at its big Pixel event (GOOG, GOOGL)",10/15/19
5,"Google turned its homepage into a spooky trick or treat game to celebrate Halloween (GOOG, GOOGL)",10/31/19
5,This chart shows how much Brexit matters to the U.S. stock market,10/17/19
5,"Momentum investors are now buying shares of Apple, Amazon and Netflix",10/15/19
5,Meg Whitman’s new venture is thinking big with a short-form streaming service,10/22/19
5,"The Ratings Game: Google-parent Alphabet’s stock falls, but Wall Street giddy despite big earnings miss",10/29/19
5,Google to report Q3 2019 earnings after the bell,10/28/19
5,"The most exciting update in Google's new Pixel phone is a feature that has flopped in the past (GOOG, GOOGL)",10/16/19
5,A Waymo executive explains why the self-driving startup wants its rides to be 'amazingly boring' (GOOGL),10/22/19
5,"5 Top Stock Trades for Wednesday: ROKU, NVDA, GOOGL",10/15/19
5,"Alphabet (GOOGL) Q3 Earnings Miss Estimates, Revenues Beat",10/29/19
5,"Undeserved: Alphabet, Shopify; Unforgiven: Grubhub, Beyond Meat",10/29/19
5,Alphabet (GOOGL) Stock Sinks As Market Gains: What You Should Know,10/21/19
5,Why Does Google Want to Buy Fitbit?,10/29/19
5,自動刪除 YouTube 記錄，停止追蹤觀看影片和搜尋內容,10/18/19
5,Market Snapshot: Stock-index futures edge lower after S&P 500 notches record,10/29/19
5,How to buy toys for the kid who has everything — without relying on sponsored lists from Amazon or Walmart,10/21/19
5,Green Sheet: MrBeast and PewDiePie will ‘freaking do something about climate change’ by planting 20 million trees,10/28/19
5,「仮面ライダーシティウォーズ」，2周年記念のキャンペーンが開催中,10/25/19
5,"Google made a small but important change in 2017 to how it thinks about 'Googleyness,' a key value it looks for in new hires (GOOGL)",10/31/19
5,"Marijuana stocks, after declines of over 50%, are now only ludicrously overpriced",10/16/19
5,The CEO of this robo-taxi company believes it has the inside track on rivals,10/22/19
5,Your Digital Self: Samsung’s new smartphone features could beat Apple to the punch,10/29/19
5,Howard Gold's No-Nonsense Investing: Wall Street is way too paranoid about a President Elizabeth Warren,10/29/19
5,"Here's why one analyst thinks YouTube could be worth $300 billion as a standalone company, making it more valuable than AT&T, Exxon Mobil, and Bank of America (GOOGL)",10/29/19
5,Google Makes Major Commitment to Small Businesses in Underserved Communities,10/31/19
5,Google Expands Device Lineup: Key Made by Google Takeaways,10/16/19
5,Alphabet to Report Earnings Today: Here's What to Watch,10/28/19
5,The total market index isn’t all it’s cracked up to be,10/21/19
5,Market Snapshot: Why would the Fed cut interest rates a 3rd time in a row even as stocks near records? Investors may soon find out,10/27/19
5,"The Force Is With Microsoft; Apple Might Be Cooked For Now, Let's Chart It",10/27/19
5,Google in bid to buy Fitbit: report - Fox Business,10/28/19
5,5 Must See Big Tech Earnings Charts - Yahoo Finance,10/29/19
5,【世界経済を学ぶ】Googleの親会社の米国株銘柄 Alphabet【GOOGL、GOOG】 - 日本の投資家AFURO KENブログ,10/23/19
5,Spotlight on Tech Earnings - Nasdaq,10/28/19
5,京东PLUS会员：BRITAX 宝得适 宝宝汽车儿童安全座椅 首卫者 1952元包邮（北京、天津、内蒙古）,10/26/19
5,Warren and Biden Attack Facebook's Most Successful Business - Market Realist,10/15/19
5,"S&P 500 at New Highs, Rate Cut, Tech Earnings & Buy BURL Stock - Free Lunch",10/29/19
5,Q3 Earnings Outlook For Alphabet,10/28/19
5,Survey: Teens Spend More Time On YouTube Than Netflix,10/15/19
5,Roku Shares Advance After Streaming-Tech Company Adds Apple TV - TheStreet.com,10/15/19
5,"Big Tech Antitrust Is Bipartisan, Says Antitrust Chief Makan Delrahim - Barron's",10/22/19
5,We Really Like Alphabet,10/18/19
5,This Tesla Rival Is Destroying Elon Musk’s Lofty Self-Driving Car Ambitions,10/15/19
5,Lobbying spending by tech giants set to hit record highs - Fox Business,10/28/19
5,Google's Nest Business Is Losing Key Customers—What's Next? - Market Realist,10/22/19
5,"Google debuts new Pixelbook Go, Pixel Buds, and Nest Mini",10/15/19
5,Google unveils Pixel 4 and Pixel 4 XL smartphones with enhanced cameras,10/15/19
5,美股盤後 — Fed 降息預期+美中貿易協議進展超前 標普刷下歷史新高 - 鉅亨網財經新聞,10/28/19
5,麥肯錫：全球逾半數銀行無法承受經濟衰退 - 鉅亨網財經新聞,10/22/19
5,Nokia Partner Helps Google Fight Android Fine In Europe - Market Realist,10/16/19
5,Democrat Presidential Candidates Clash Over Breaking up Big Tech - TheStreet.com,10/16/19
5,確保美國軍事晶片供給 五角大廈力促台積電在美建新廠 - 鉅亨網財經新聞,10/28/19
5,Blue-Chip Tech Stocks for Investors to Buy Amid Q3 2019 Earnings Season,10/25/19
5,HCL Technologies Launches a Dedicated Google Cloud Business Unit to Accelerate Enterprise Cloud Adoption,10/31/19
5,検索連動型広告の帝王グーグルからシェアを奪うアマゾンの怖さ | 無能投資家の苦悩,10/20/19
5,Is the IPO Party Over? ETFs in Focus,10/15/19
5,CenturyLink Augments Network Connectivity to Google Cloud,10/16/19
5,"Amazon AWS Selected by Old Mutual, Expands Cloud Clientele",10/18/19
5,Garmin (GRMN) Expands in Fitness Segment With Garmin Swim 2,10/16/19
5,"Everyone expected the Pixel 4 to have the best smartphone camera, but Apple's iPhone 11 Pro ruined Google's party (GOOG, GOOGL)",10/26/19
5,What Might the FTC's Crackdown on Deceptive Online Marketing Mean for Social Media Companies?,10/29/19
5,Better Tech Stock Buy: Facebook vs. Google Parent Alphabet,10/16/19
5,Alphabet's Earnings Miss Expectations: 5 Metrics Investors Should See,10/29/19
5,"Look Beyond Profits, Revenue As Alphabet Stock Reports Earnings",10/25/19
5,"A mounting 'techlash' is hurting Alphabet's profits, and one analyst says spinning off YouTube could be the answer (GOOGL)",10/29/19
5,How the U.S. Trade War With China Might Affect Sony,10/24/19
5,Jeux vidéo: Google ouvre à Montréal son premier studio,10/24/19
5,David Rolfe’s Wedgewood Sells Longtime Holding Berkshire Hathaway,10/17/19
5,Warren Restricts Campaign Donations from Big Tech CEOs to $200 - Market Realist,10/17/19
5,"Ad Revenue, Cloud, Traffic Volume All In Focus As Alphabet Unveils Q3 Results",10/25/19
5,Microsoft Stock Approaches Buy Point On Post-Earnings Buzz - Investor's Business Daily,10/25/19
5,Dow Jones Flashes Bullish Signal; Alphabet Rallies Ahead Of Earnings - Investor's Business Daily,10/28/19
5,Google's Pixelbook Go is a great Chromebook — if you can get past its price,10/27/19
5,Apple shares hit new all-time intraday high,10/22/19
5,Apple shares hit new all-time intraday and closing highs,10/21/19
5,Apple shares hit new all-time intraday and closing highs,10/25/19
5,Apple shares hit new all-time intraday and closing highs,10/24/19
5,Apple shares hit new all-time intraday and closing highs,10/28/19
5,Apple shares hit new all-time intraday and closing highs,10/23/19
5,"VC Deals: Paytm Eyes $2B Financing, $16B Valuation",10/18/19
5,美股盤後 – 「金絲雀」暗黑財報有亮點 Fed降息機率飆94.6% 標普逼歷史高點 - 鉅亨網財經新聞,10/23/19
5,美股盤後 — 英特爾衝鋒大漲 那斯達克100刷歷史新高 標普創歷史次高 - 鉅亨網財經新聞,10/25/19